time,device_id,temp,hum,gas,motion,label
2026-10-07T10:15:29,SX-001,24,53.5,50,1,normal
2026-10-07T10:15:31,SX-001,24,53.6,50,1,normal
2026-10-07T10:15:33,SX-001,24,53.7,50,1,normal
2026-10-07T10:15:35,SX-001,24,53.7,57,1,normal
2026-10-07T10:15:37,SX-001,24,53.7,57,1,normal
2026-10-07T10:15:39,SX-001,24,53.6,58,1,normal
2026-10-07T10:15:41,SX-001,24,53.6,58,1,normal
2026-10-07T10:15:43,SX-001,24,53.7,58,1,normal
2026-10-07T10:15:45,SX-001,23.9,53.8,58,1,normal
2026-10-07T10:15:47,SX-001,24,53.8,58,1,normal
2026-10-07T10:15:49,SX-001,24,53.9,58,1,normal
2026-10-07T10:15:51,SX-001,24,53.8,50,1,normal
2026-10-07T10:15:54,SX-001,23.9,53.8,51,1,normal
2026-10-07T10:15:55,SX-001,24,53.9,51,1,normal
2026-10-07T10:15:57,SX-001,24,53.8,51,1,normal
2026-10-07T10:15:59,SX-001,24,53.9,51,1,normal
2026-10-07T10:16:01,SX-001,23.9,54,51,1,normal
2026-10-07T10:16:03,SX-001,24,54.1,51,1,normal
2026-10-07T10:16:05,SX-001,23.9,54.1,51,1,normal
2026-10-07T10:16:07,SX-001,24,54.1,51,1,normal
2026-10-07T10:16:09,SX-001,24,54.1,44,1,normal
2026-10-07T10:16:11,SX-001,24,54.1,50,1,normal
2026-10-07T10:16:13,SX-001,24,53.9,51,1,normal
2026-10-07T10:16:15,SX-001,23.9,54,51,1,normal
2026-10-07T10:16:17,SX-001,24,54.1,51,1,normal
2026-10-07T10:16:19,SX-001,24,54.1,51,1,normal
2026-10-07T10:16:21,SX-001,24,54.2,51,1,normal
2026-10-07T10:16:23,SX-001,24,54.3,51,1,normal
2026-10-07T10:16:25,SX-001,24,54.3,51,1,normal
2026-10-07T10:16:27,SX-001,24,54.3,51,1,normal
2026-10-07T10:16:29,SX-001,24,54.2,51,1,normal
2026-10-07T10:16:31,SX-001,24,54.1,51,0,normal
2026-10-07T10:16:33,SX-001,24,54.1,51,0,normal
2026-10-07T10:16:35,SX-001,24,54,51,1,normal
2026-10-07T10:16:37,SX-001,24,54,51,1,normal
2026-10-07T10:16:39,SX-001,24,53.9,43,1,normal
2026-10-07T10:16:41,SX-001,24,53.9,51,1,normal
2026-10-07T10:16:43,SX-001,24,54,45,1,normal
2026-10-07T10:16:45,SX-001,24,54,55,1,normal
2026-10-07T10:16:47,SX-001,24,54.1,55,1,normal
2026-10-07T10:16:49,SX-001,24,54,55,1,normal
2026-10-07T10:16:51,SX-001,24,54.1,55,1,normal
2026-10-07T10:16:53,SX-001,24,54.1,55,1,normal
2026-10-07T10:16:55,SX-001,24,54.1,55,1,normal
2026-10-07T10:16:57,SX-001,24,54.1,52,1,normal
2026-10-07T10:16:59,SX-001,24,54.1,52,1,normal
2026-10-07T10:17:01,SX-001,24,54,52,1,normal
2026-10-07T10:17:03,SX-001,24,54,52,1,normal
2026-10-07T10:17:05,SX-001,24.1,53.8,52,1,normal
2026-10-07T10:17:07,SX-001,24.1,53.8,52,1,normal
2026-10-07T10:17:09,SX-001,24.1,53.8,52,1,normal
2026-10-07T10:17:11,SX-001,24,53.9,52,1,normal
2026-10-07T10:17:13,SX-001,24.1,53.8,52,1,normal
2026-10-07T10:17:15,SX-001,24.1,53.8,52,1,normal
2026-10-07T10:17:17,SX-001,24.1,53.8,52,1,normal
2026-10-07T10:17:19,SX-001,24.1,53.5,52,1,normal
2026-10-07T10:17:21,SX-001,24.1,53.5,52,1,normal
2026-10-07T10:17:23,SX-001,24.1,53.5,52,1,normal
2026-10-07T10:17:25,SX-001,24.1,53.5,52,1,normal
2026-10-07T10:17:27,SX-001,24.1,53.6,52,1,normal
2026-10-07T10:17:29,SX-001,24.1,53.5,52,1,normal
2026-10-07T10:17:31,SX-001,24.1,53.5,52,1,normal
2026-10-07T10:17:33,SX-001,24.1,53.5,52,1,normal
2026-10-07T10:17:35,SX-001,24.1,53.5,52,1,normal
2026-10-07T10:17:37,SX-001,24.1,53.5,53,1,normal
2026-10-07T10:17:39,SX-001,24.1,53.5,53,1,normal
2026-10-07T10:17:41,SX-001,24.1,53.4,53,1,normal
2026-10-07T10:17:43,SX-001,24.1,53.5,54,1,normal
2026-10-07T10:17:45,SX-001,24.1,53.7,54,1,normal
2026-10-07T10:17:47,SX-001,24.1,53.8,54,1,normal
2026-10-07T10:17:49,SX-001,24.2,53.8,53,1,normal
2026-10-07T10:17:51,SX-001,24.1,53.9,55,1,normal
2026-10-07T10:17:53,SX-001,24.1,53.9,54,1,normal
2026-10-07T10:17:55,SX-001,24.2,53.8,53,1,normal
2026-10-07T10:17:57,SX-001,24.2,53.7,50,1,normal
2026-10-07T10:17:59,SX-001,24.2,53.8,50,1,normal
2026-10-07T10:18:01,SX-001,24.2,53.7,50,1,normal
2026-10-07T10:18:03,SX-001,24.2,53.7,50,1,normal
2026-10-07T10:18:05,SX-001,24.2,53.5,50,1,normal
2026-10-07T10:18:07,SX-001,24.2,53.5,50,0,normal
2026-10-07T10:18:09,SX-001,24.2,53.5,50,0,normal
2026-10-07T10:18:11,SX-001,24.2,53.6,50,1,normal
2026-10-07T10:18:13,SX-001,24.2,53.7,50,1,normal
2026-10-07T10:18:15,SX-001,24.2,53.6,50,1,normal
2026-10-07T10:18:17,SX-001,24.2,53.5,43,1,normal
2026-10-07T10:18:19,SX-001,24.2,53.4,50,1,normal
2026-10-07T10:18:21,SX-001,24.3,53.4,42,1,normal
2026-10-07T10:18:23,SX-001,24.3,53.3,50,1,normal
2026-10-07T10:18:25,SX-001,24.3,53.2,50,1,normal
2026-10-07T10:18:27,SX-001,24.2,53.1,50,1,normal
2026-10-07T10:18:29,SX-001,24.3,53.1,43,1,normal
2026-10-07T10:18:31,SX-001,24.3,53.1,50,1,normal
2026-10-07T10:18:34,SX-001,24.3,53.1,50,1,normal
2026-10-07T10:18:35,SX-001,24.3,53.1,50,1,normal
2026-10-07T10:18:37,SX-001,24.3,52.9,50,1,normal
2026-10-07T10:18:39,SX-001,24.3,53,50,1,normal
2026-10-07T10:18:41,SX-001,24.3,53,50,1,normal
2026-10-07T10:18:43,SX-001,24.3,52.9,50,1,normal
2026-10-07T10:18:45,SX-001,24.3,53,50,1,normal
2026-10-07T10:18:47,SX-001,24.3,53,49,1,normal
2026-10-07T10:18:49,SX-001,24.3,53,49,1,normal
2026-10-07T10:18:51,SX-001,24.4,53.1,50,1,normal
2026-10-07T10:18:53,SX-001,24.3,53,50,1,normal
2026-10-07T10:18:55,SX-001,24.4,53,49,1,normal
2026-10-07T10:18:57,SX-001,24.4,53,49,1,normal
2026-10-07T10:18:59,SX-001,24.4,53,50,1,normal
2026-10-07T10:19:01,SX-001,24.4,53.1,49,1,normal
2026-10-07T10:19:03,SX-001,24.4,53.1,49,1,normal
2026-10-07T10:19:05,SX-001,24.4,52.9,49,1,normal
2026-10-07T10:19:07,SX-001,24.4,53,49,1,normal
2026-10-07T10:19:09,SX-001,24.4,53,49,1,normal
2026-10-07T10:19:11,SX-001,24.4,53,50,1,normal
2026-10-07T10:19:13,SX-001,24.4,52.9,49,1,normal
2026-10-07T10:19:15,SX-001,24.4,52.9,49,1,normal
2026-10-07T10:19:17,SX-001,24.4,52.8,49,1,normal
2026-10-07T10:19:19,SX-001,24.4,52.7,49,1,normal
2026-10-07T10:19:21,SX-001,24.5,52.7,50,1,normal
2026-10-07T10:19:23,SX-001,24.5,52.8,50,1,normal
2026-10-07T10:19:25,SX-001,24.4,52.9,50,1,normal
2026-10-07T10:19:27,SX-001,24.5,52.8,50,1,normal
2026-10-07T10:19:29,SX-001,24.5,52.7,49,1,normal
2026-10-07T10:19:31,SX-001,24.5,52.7,49,1,normal
2026-10-07T10:19:33,SX-001,24.5,52.6,49,1,normal
2026-10-07T10:19:35,SX-001,24.5,52.7,50,1,normal
2026-10-07T10:19:37,SX-001,24.4,52.7,49,1,normal
2026-10-07T10:19:39,SX-001,24.5,52.6,49,1,normal
2026-10-07T10:19:41,SX-001,24.5,52.6,49,1,normal
2026-10-07T10:19:43,SX-001,24.5,52.6,49,0,normal
2026-10-07T10:19:45,SX-001,24.5,52.6,49,0,normal
2026-10-07T10:19:47,SX-001,24.5,52.6,49,0,normal
2026-10-07T10:19:49,SX-001,24.5,52.6,49,0,normal
2026-10-07T10:19:51,SX-001,24.5,52.5,42,0,normal
2026-10-07T10:19:53,SX-001,24.5,52.5,49,0,normal
2026-10-07T10:19:55,SX-001,24.5,52.5,42,0,normal
2026-10-07T10:19:57,SX-001,24.5,52.4,49,0,normal
2026-10-07T10:20:00,SX-001,24.5,52.4,49,0,normal
2026-10-07T10:20:01,SX-001,24.5,52.5,42,0,normal
2026-10-07T10:20:03,SX-001,24.5,52.5,49,0,normal
2026-10-07T10:20:05,SX-001,24.5,52.5,49,0,normal
2026-10-07T10:20:07,SX-001,24.4,52.5,49,0,normal
2026-10-07T10:20:09,SX-001,24.4,52.5,49,1,normal
2026-10-07T10:20:11,SX-001,24.5,52.5,49,1,normal
2026-10-07T10:20:13,SX-001,24.4,52.4,49,1,normal
2026-10-07T10:20:15,SX-001,24.5,52.5,49,1,normal
2026-10-07T10:20:17,SX-001,24.4,52.5,49,1,normal
2026-10-07T10:20:19,SX-001,24.4,52.4,49,1,normal
2026-10-07T10:20:21,SX-001,24.5,52.4,49,1,normal
2026-10-07T10:20:23,SX-001,24.4,52.6,49,1,normal
2026-10-07T10:20:25,SX-001,24.4,52.7,49,1,normal
2026-10-07T10:20:27,SX-001,24.5,52.6,49,1,normal
2026-10-07T10:20:30,SX-001,24.4,52.7,49,1,normal
2026-10-07T10:20:31,SX-001,24.4,52.6,42,1,normal
2026-10-07T10:20:33,SX-001,24.4,52.6,49,1,normal
2026-10-07T10:20:35,SX-001,24.4,52.6,49,1,normal
2026-10-07T10:20:37,SX-001,24.4,52.6,49,1,normal
2026-10-07T10:20:39,SX-001,24.4,52.6,49,1,normal
2026-10-07T10:20:41,SX-001,24.4,52.6,49,1,normal
2026-10-07T10:20:43,SX-001,24.4,52.7,49,1,normal
2026-10-07T10:20:45,SX-001,24.4,52.8,50,1,normal
2026-10-07T10:20:47,SX-001,24.4,52.8,50,1,normal
2026-10-07T10:20:49,SX-001,24.4,53,50,1,normal
2026-10-07T10:20:51,SX-001,24.4,53.1,50,1,normal
2026-10-07T10:20:53,SX-001,24.4,53.2,50,1,normal
2026-10-07T10:20:55,SX-001,24.4,53.1,49,1,normal
2026-10-07T10:20:57,SX-001,24.4,53.1,49,1,normal
2026-10-07T10:20:59,SX-001,24.4,53.1,50,1,normal
2026-10-07T10:21:01,SX-001,24.4,53.2,49,1,normal
2026-10-07T10:21:03,SX-001,24.4,53.1,49,1,normal
2026-10-07T10:21:05,SX-001,24.4,53.2,49,1,normal
2026-10-07T10:21:07,SX-001,24.4,53,49,1,normal
2026-10-07T10:21:09,SX-001,24.4,53,49,1,normal
2026-10-07T10:21:11,SX-001,24.4,52.8,49,1,normal
2026-10-07T10:21:13,SX-001,24.4,52.8,49,1,normal
2026-10-07T10:21:15,SX-001,24.4,52.8,49,1,normal
2026-10-07T10:21:17,SX-001,24.4,52.9,50,1,normal
2026-10-07T10:21:19,SX-001,24.4,52.9,49,1,normal
2026-10-07T10:21:21,SX-001,24.4,52.9,49,1,normal
2026-10-07T10:21:23,SX-001,24.4,52.9,49,1,normal
2026-10-07T10:21:25,SX-001,24.4,52.9,49,1,normal
2026-10-07T10:21:27,SX-001,24.4,52.8,49,1,normal
2026-10-07T10:21:29,SX-001,24.4,52.7,42,1,normal
2026-10-07T10:21:31,SX-001,24.4,52.7,49,1,normal
2026-10-07T10:21:33,SX-001,24.4,52.8,42,1,normal
2026-10-07T10:21:35,SX-001,24.4,52.7,49,1,normal
2026-10-07T10:21:37,SX-001,24.4,52.7,49,1,normal
2026-10-07T10:21:39,SX-001,24.4,52.7,49,1,normal
2026-10-07T10:21:41,SX-001,24.4,52.8,49,0,normal
2026-10-07T10:21:43,SX-001,24.4,52.9,49,0,normal
2026-10-07T10:21:45,SX-001,24.4,52.8,49,0,normal
2026-10-07T10:21:47,SX-001,24.4,52.8,50,0,normal
2026-10-07T10:21:49,SX-001,24.4,52.7,50,0,normal
2026-10-07T10:21:51,SX-001,24.4,52.8,49,0,normal
2026-10-07T10:21:53,SX-001,24.4,52.7,49,0,normal
2026-10-07T10:21:55,SX-001,24.4,52.7,49,0,normal
2026-10-07T10:21:57,SX-001,24.4,52.6,49,0,normal
2026-10-07T10:21:59,SX-001,24.4,52.6,49,0,normal
2026-10-07T10:22:01,SX-001,24.3,52.7,49,0,normal
2026-10-07T10:22:03,SX-001,24.4,52.8,49,0,normal
2026-10-07T10:22:05,SX-001,24.3,52.9,50,0,normal
2026-10-07T10:22:07,SX-001,24.3,52.8,49,0,normal
2026-10-07T10:22:09,SX-001,24.3,52.8,49,0,normal
2026-10-07T10:22:11,SX-001,24.4,52.8,49,0,normal
2026-10-07T10:22:13,SX-001,24.3,52.8,49,0,normal
2026-10-07T10:22:15,SX-001,24.4,52.8,49,0,normal
2026-10-07T10:22:17,SX-001,24.3,52.7,49,0,normal
2026-10-07T10:22:19,SX-001,24.4,52.8,50,0,normal
2026-10-07T10:22:21,SX-001,24.3,52.9,49,0,normal
2026-10-07T10:22:23,SX-001,24.3,52.8,50,0,normal
2026-10-07T10:22:25,SX-001,24.3,52.9,50,0,normal
2026-10-07T10:22:27,SX-001,24.3,52.9,50,0,normal
2026-10-07T10:22:29,SX-001,24.3,52.9,50,0,normal
2026-10-07T10:22:31,SX-001,24.3,53,50,0,normal
2026-10-07T10:22:33,SX-001,24.3,53,50,0,normal
2026-10-07T10:22:35,SX-001,24.3,53.1,50,0,normal
2026-10-07T10:22:37,SX-001,24.3,53,50,0,normal
2026-10-07T10:22:39,SX-001,24.3,53,50,0,normal
2026-10-07T10:22:41,SX-001,24.3,53.1,50,0,normal
2026-10-07T10:22:43,SX-001,24.3,53.2,50,0,normal
2026-10-07T10:22:45,SX-001,24.3,53.1,50,0,normal
2026-10-07T10:22:47,SX-001,24.3,53,50,0,normal
2026-10-07T10:22:49,SX-001,24.3,53,50,0,normal
2026-10-07T10:22:51,SX-001,24.3,52.9,50,0,normal
2026-10-07T10:22:53,SX-001,24.3,52.9,50,0,normal
2026-10-07T10:22:55,SX-001,24.3,52.8,50,0,normal
2026-10-07T10:22:57,SX-001,24.3,52.9,50,0,normal
2026-10-07T10:22:59,SX-001,24.3,53.1,50,0,normal
2026-10-07T10:23:01,SX-001,24.3,53,50,0,normal
2026-10-07T10:23:03,SX-001,24.3,53,50,0,normal
2026-10-07T10:23:05,SX-001,24.3,52.9,50,0,normal
2026-10-07T10:23:07,SX-001,24.3,52.9,42,0,normal
2026-10-07T10:23:09,SX-001,24.3,52.8,50,0,normal
2026-10-07T10:23:11,SX-001,24.2,52.8,42,0,normal
2026-10-07T10:23:13,SX-001,24.3,52.9,50,0,normal
2026-10-07T10:23:15,SX-001,24.3,53.2,50,0,normal
2026-10-07T10:23:17,SX-001,24.3,53.1,50,1,normal
2026-10-07T10:23:19,SX-001,24.3,53.1,50,1,normal
2026-10-07T10:23:21,SX-001,24.3,53,50,1,normal
2026-10-07T10:23:23,SX-001,24.2,53,50,1,normal
2026-10-07T10:23:25,SX-001,24.3,53,50,1,normal
2026-10-07T10:23:27,SX-001,24.2,53,50,1,normal
2026-10-07T10:23:29,SX-001,24.2,53,50,1,normal
2026-10-07T10:23:31,SX-001,24.3,53.1,50,1,normal
2026-10-07T10:23:33,SX-001,24.2,53.1,50,1,normal
2026-10-07T10:23:35,SX-001,24.2,53.1,50,1,normal
2026-10-07T10:23:37,SX-001,24.2,53.1,50,1,normal
2026-10-07T10:23:39,SX-001,24.2,53,50,1,normal
2026-10-07T10:23:41,SX-001,24.3,53,50,1,normal
2026-10-07T10:23:43,SX-001,24.2,53.1,50,1,normal
2026-10-07T10:23:45,SX-001,24.2,53,50,1,normal
2026-10-07T10:23:47,SX-001,24.2,52.9,50,1,normal
2026-10-07T10:23:50,SX-001,24.2,52.9,50,1,normal
2026-10-07T10:23:51,SX-001,24.2,53,50,1,normal
2026-10-07T10:23:53,SX-001,24.2,53,50,1,normal
2026-10-07T10:23:55,SX-001,24.2,53,50,1,normal
2026-10-07T10:23:57,SX-001,24.2,53,50,1,normal
2026-10-07T10:23:59,SX-001,24.2,53.1,50,1,normal
2026-10-07T10:24:01,SX-001,24.2,53.1,50,1,normal
2026-10-07T10:24:03,SX-001,24.2,53.2,50,1,normal
2026-10-07T10:24:05,SX-001,24.2,53.2,50,1,normal
2026-10-07T10:24:07,SX-001,24.2,53.2,50,1,normal
2026-10-07T10:24:09,SX-001,24.2,53.1,50,1,normal
2026-10-07T10:24:11,SX-001,24.2,53,50,1,normal
2026-10-07T10:24:13,SX-001,24.2,53,50,1,normal
2026-10-07T10:24:15,SX-001,24.2,53,50,1,normal
2026-10-07T10:24:17,SX-001,24.2,52.9,42,1,normal
2026-10-07T10:24:20,SX-001,24.2,53,50,1,normal
2026-10-07T10:24:21,SX-001,24.2,52.9,50,1,normal
2026-10-07T10:24:23,SX-001,24.2,53,50,1,normal
2026-10-07T10:24:25,SX-001,24.2,53,50,1,normal
2026-10-07T10:24:27,SX-001,24.2,53.1,50,1,normal
2026-10-07T10:24:29,SX-001,24.2,53.1,50,1,normal
2026-10-07T10:24:31,SX-001,24.2,53.3,50,1,normal
2026-10-07T10:24:33,SX-001,24.2,53.3,50,1,normal
2026-10-07T10:24:35,SX-001,24.2,53.2,50,1,normal
2026-10-07T10:24:37,SX-001,24.2,53.2,50,1,normal
2026-10-07T10:24:39,SX-001,24.2,53.3,50,1,normal
2026-10-07T10:24:41,SX-001,24.2,53.1,50,1,normal
2026-10-07T10:24:43,SX-001,24.2,53.2,50,1,normal
2026-10-07T10:24:45,SX-001,24.2,53.1,42,1,normal
2026-10-07T10:24:47,SX-001,24.2,53.1,42,1,normal
2026-10-07T10:24:49,SX-001,24.2,53,42,0,normal
2026-10-07T10:24:51,SX-001,24.2,52.9,50,0,normal
2026-10-07T10:24:54,SX-001,24.2,53,50,0,normal
2026-10-07T10:24:55,SX-001,24.2,53.1,50,1,normal
2026-10-07T10:24:57,SX-001,24.2,53.1,50,1,normal
2026-10-07T10:24:59,SX-001,24.2,53.3,50,1,normal
2026-10-07T10:25:01,SX-001,24.2,53.2,50,1,normal
2026-10-07T10:25:03,SX-001,24.2,53.1,50,1,normal
2026-10-07T10:25:05,SX-001,24.2,53.1,42,1,normal
2026-10-07T10:25:07,SX-001,24.2,53.1,50,1,normal
2026-10-07T10:25:09,SX-001,24.2,53.1,50,1,normal
2026-10-07T10:25:11,SX-001,24.2,53.1,50,1,normal
2026-10-07T10:25:13,SX-001,24.2,53,50,1,normal
2026-10-07T10:25:15,SX-001,24.2,53.1,50,1,normal
2026-10-07T10:25:17,SX-001,24.2,53.1,50,1,normal
2026-10-07T10:25:19,SX-001,24.2,53.1,50,1,normal
2026-10-07T10:25:21,SX-001,24.2,53.1,50,1,normal
2026-10-07T10:25:23,SX-001,24.2,53.1,50,1,normal
2026-10-07T10:25:25,SX-001,24.2,53.1,50,1,normal
2026-10-07T10:25:28,SX-001,24.2,53.1,50,1,normal
2026-10-07T10:25:29,SX-001,24.2,53.2,50,1,normal
2026-10-07T10:25:31,SX-001,24.2,53.1,50,1,normal
2026-10-07T10:25:34,SX-001,24.2,53.1,50,1,normal
2026-10-07T10:25:35,SX-001,24.2,53.1,50,1,normal
2026-10-07T10:25:37,SX-001,24.2,53.1,50,1,normal
2026-10-07T10:25:39,SX-001,24.2,53,50,1,normal
2026-10-07T10:25:41,SX-001,24.2,52.9,50,1,normal
2026-10-07T10:25:43,SX-001,24.2,52.9,50,1,normal
2026-10-07T10:25:45,SX-001,24.2,53,50,1,normal
2026-10-07T10:25:47,SX-001,24.2,52.9,50,1,normal
2026-10-07T10:25:49,SX-001,24.2,53,50,1,normal
2026-10-07T10:25:51,SX-001,24.2,53.1,50,1,normal
2026-10-07T10:25:54,SX-001,24.2,53.1,50,1,normal
2026-10-07T10:25:55,SX-001,24.2,53.1,50,1,normal
2026-10-07T10:25:57,SX-001,24.2,53.1,50,1,normal
2026-10-07T10:25:59,SX-001,24.2,52.9,50,1,normal
2026-10-07T10:26:01,SX-001,24.2,53.1,50,1,normal
2026-10-07T10:26:03,SX-001,24.2,53.1,50,1,normal
2026-10-07T10:26:05,SX-001,24.2,53,50,1,normal
2026-10-07T10:26:07,SX-001,24.2,53,50,1,normal
2026-10-07T10:26:09,SX-001,24.2,53.1,50,1,normal
2026-10-07T10:26:11,SX-001,24.2,53,50,1,normal
2026-10-07T10:26:13,SX-001,24.2,53,50,1,normal
2026-10-07T10:26:15,SX-001,24.2,52.9,50,1,normal
2026-10-07T10:26:17,SX-001,24.2,52.9,50,1,normal
2026-10-07T10:26:19,SX-001,24.2,53,50,1,normal
2026-10-07T10:26:21,SX-001,24.2,53,50,1,normal
2026-10-07T10:26:23,SX-001,24.2,53,43,1,normal
2026-10-07T10:26:25,SX-001,24.2,52.9,50,1,normal
2026-10-07T10:26:27,SX-001,24.2,53,50,0,normal
2026-10-07T10:26:29,SX-001,24.2,52.9,50,0,normal
2026-10-07T10:26:31,SX-001,24.2,53,50,0,normal
2026-10-07T10:26:33,SX-001,24.2,52.9,50,0,normal
2026-10-07T10:26:35,SX-001,24.2,52.9,50,1,normal
2026-10-07T10:26:37,SX-001,24.2,52.9,50,1,normal
2026-10-07T10:26:39,SX-001,24.2,53.1,50,1,normal
2026-10-07T10:26:41,SX-001,24.2,53.1,50,1,normal
2026-10-07T10:26:43,SX-001,24.2,53.1,50,1,normal
2026-10-07T10:26:45,SX-001,24.2,53.1,50,1,normal
2026-10-07T10:26:47,SX-001,24.2,53.1,50,1,normal
2026-10-07T10:26:49,SX-001,24.2,53,50,1,normal
2026-10-07T10:26:51,SX-001,24.2,53,50,1,normal
2026-10-07T10:26:53,SX-001,24.2,53,50,1,normal
2026-10-07T10:26:55,SX-001,24.2,52.9,50,1,normal
2026-10-07T10:26:57,SX-001,24.2,52.9,50,1,normal
2026-10-07T10:26:59,SX-001,24.2,52.8,50,1,normal
2026-10-07T10:27:01,SX-001,24.2,52.9,50,1,normal
2026-10-07T10:27:03,SX-001,24.2,52.8,50,1,normal
2026-10-07T10:27:05,SX-001,24.2,52.8,50,1,normal
2026-10-07T10:27:07,SX-001,24.2,52.9,50,1,normal
2026-10-07T10:27:09,SX-001,24.2,53,50,1,normal
2026-10-07T10:27:11,SX-001,24.2,53,50,1,normal
2026-10-07T10:27:13,SX-001,24.2,53,50,1,normal
2026-10-07T10:27:15,SX-001,24.1,53.1,50,1,normal
2026-10-07T10:27:17,SX-001,24.2,53,50,1,normal
2026-10-07T10:27:19,SX-001,24.2,53.1,42,1,normal
2026-10-07T10:27:21,SX-001,24.2,52.9,50,1,normal
2026-10-07T10:27:23,SX-001,24.1,53,50,1,normal
2026-10-07T10:27:25,SX-001,24.2,53,50,1,normal
2026-10-07T10:27:27,SX-001,24.2,53,50,1,normal
2026-10-07T10:27:29,SX-001,24.2,53,50,1,normal
2026-10-07T10:27:31,SX-001,24.2,53,50,1,normal
2026-10-07T10:27:33,SX-001,24.2,53,50,1,normal
2026-10-07T10:27:35,SX-001,24.2,52.9,50,1,normal
2026-10-07T10:27:37,SX-001,24.2,53,50,1,normal
2026-10-07T10:27:39,SX-001,24.2,53,50,1,normal
2026-10-07T10:27:41,SX-001,24.2,52.9,50,1,normal
2026-10-07T10:27:43,SX-001,24.2,52.9,50,1,normal
2026-10-07T10:27:45,SX-001,24.2,52.9,50,1,normal
2026-10-07T10:27:47,SX-001,24.2,53,50,1,normal
2026-10-07T10:27:49,SX-001,24.2,53,50,1,normal
2026-10-07T10:27:51,SX-001,24.2,53.1,50,1,normal
2026-10-07T10:27:53,SX-001,24.2,53.1,50,1,normal
2026-10-07T10:27:55,SX-001,24.2,53,50,1,normal
2026-10-07T10:27:57,SX-001,24.2,53.1,42,1,normal
2026-10-07T10:27:59,SX-001,24.2,53.1,50,1,normal
2026-10-07T10:28:01,SX-001,24.2,53,43,1,normal
2026-10-07T10:28:03,SX-001,24.2,53,50,1,normal
2026-10-07T10:28:05,SX-001,24.2,53,50,1,normal
2026-10-07T10:28:07,SX-001,24.2,53,50,0,normal
2026-10-07T10:28:09,SX-001,24.2,53,50,0,normal
2026-10-07T10:28:11,SX-001,24.2,53,50,1,normal
2026-10-07T10:28:13,SX-001,24.2,53,50,1,normal
2026-10-07T10:28:15,SX-001,24.2,53,50,1,normal
2026-10-07T10:28:17,SX-001,24.2,53.1,50,1,normal
2026-10-07T10:28:19,SX-001,24.2,53.2,43,1,normal
2026-10-07T10:28:21,SX-001,24.2,53.2,50,1,normal
2026-10-07T10:28:23,SX-001,24.2,53.2,50,1,normal
2026-10-07T10:28:25,SX-001,24.2,53.3,50,1,normal
2026-10-07T10:28:27,SX-001,24.2,53.1,50,1,normal
2026-10-07T10:28:29,SX-001,24.2,53,50,1,normal
2026-10-07T10:28:31,SX-001,24.2,53.1,50,1,normal
2026-10-07T10:28:33,SX-001,24.2,53.1,50,1,normal
2026-10-07T10:28:35,SX-001,24.2,53.1,50,1,normal
2026-10-07T10:28:37,SX-001,24.2,53.1,50,1,normal
2026-10-07T10:28:39,SX-001,24.2,53,50,1,normal
2026-10-07T10:28:41,SX-001,24.2,53,50,1,normal
2026-10-07T10:28:43,SX-001,24.2,53.1,50,1,normal
2026-10-07T10:28:46,SX-001,24.2,53.1,43,1,normal
2026-10-07T10:28:47,SX-001,24.2,53.1,50,1,normal
2026-10-07T10:28:49,SX-001,24.2,53.1,42,1,normal
2026-10-07T10:28:51,SX-001,24.2,53.2,50,1,normal
2026-10-07T10:28:53,SX-001,24.2,53.4,50,1,normal
2026-10-07T10:28:55,SX-001,24.2,53.5,50,1,normal
2026-10-07T10:28:57,SX-001,24.2,53.5,50,1,normal
2026-10-07T10:28:59,SX-001,24.2,53.4,50,1,normal
2026-10-07T10:29:01,SX-001,24.2,53.4,50,1,normal
2026-10-07T10:29:03,SX-001,24.1,53.3,50,1,normal
2026-10-07T10:29:05,SX-001,24.2,53.2,50,1,normal
2026-10-07T10:29:07,SX-001,24.2,53.1,50,1,normal
2026-10-07T10:29:09,SX-001,24.2,53.1,50,1,normal
2026-10-07T10:29:11,SX-001,24.2,53.1,50,1,normal
2026-10-07T10:29:13,SX-001,24.2,53.1,50,1,normal
2026-10-07T10:29:15,SX-001,24.2,53.1,50,1,normal
2026-10-07T10:29:17,SX-001,24.2,53.1,50,1,normal
2026-10-07T10:29:19,SX-001,24.2,53.1,50,1,normal
2026-10-07T10:29:21,SX-001,24.1,53.1,50,1,normal
2026-10-07T10:29:23,SX-001,24.1,53,50,1,normal
2026-10-07T10:29:25,SX-001,24.2,53.1,50,1,normal
2026-10-07T10:29:27,SX-001,24.2,53.2,50,1,normal
2026-10-07T10:29:29,SX-001,24.2,53.1,50,1,normal
2026-10-07T10:29:31,SX-001,24.1,53,50,1,normal
2026-10-07T10:29:33,SX-001,24.2,53.1,50,1,normal
2026-10-07T10:29:35,SX-001,24.1,53,42,1,normal
2026-10-07T10:29:37,SX-001,24.1,53.1,50,1,normal
2026-10-07T10:29:39,SX-001,24.1,53.1,43,1,normal
2026-10-07T10:29:41,SX-001,24.2,53.2,50,1,normal
2026-10-07T10:29:43,SX-001,24.2,53,50,0,normal
2026-10-07T10:29:45,SX-001,24.1,53.1,50,0,normal
2026-10-07T10:29:47,SX-001,24.2,53.1,50,0,normal
2026-10-07T10:29:49,SX-001,24.2,53,50,0,normal
2026-10-07T10:29:51,SX-001,24.1,53,50,0,normal
2026-10-07T10:29:53,SX-001,24.1,53,50,0,normal
2026-10-07T10:29:55,SX-001,24.1,53,50,0,normal
2026-10-07T10:29:57,SX-001,24.2,53.1,50,0,normal
2026-10-07T10:29:59,SX-001,24.1,53,50,0,normal
2026-10-07T10:30:01,SX-001,24.1,53,50,0,normal
2026-10-07T10:30:03,SX-001,24.1,52.9,50,0,normal
2026-10-07T10:30:05,SX-001,24.2,53,50,0,normal
2026-10-07T10:30:07,SX-001,24.1,52.9,50,0,normal
2026-10-07T10:30:09,SX-001,24.1,53,50,0,normal
2026-10-07T10:30:11,SX-001,24.1,53,50,0,normal
2026-10-07T10:30:13,SX-001,24.1,53,50,0,normal
2026-10-07T10:30:15,SX-001,24.1,53,50,0,normal
2026-10-07T10:30:17,SX-001,24.1,53,50,0,normal
2026-10-07T10:30:19,SX-001,24.1,53,50,0,normal
2026-10-07T10:30:21,SX-001,24.1,52.9,50,0,normal
2026-10-07T10:30:23,SX-001,24.1,53.1,50,0,normal
2026-10-07T10:30:25,SX-001,24.1,53.1,50,0,normal
2026-10-07T10:30:27,SX-001,24.1,53.1,50,0,normal
2026-10-07T10:30:29,SX-001,24.1,53.1,50,0,normal
2026-10-07T10:30:33,SX-001,24.1,53,50,1,normal
2026-10-07T10:30:33,SX-001,24.1,52.9,50,1,normal
2026-10-07T10:30:35,SX-001,24.1,52.9,50,1,normal
2026-10-07T10:30:37,SX-001,24.1,53,50,1,normal
2026-10-07T10:30:39,SX-001,24.1,52.9,50,1,normal
2026-10-07T10:30:41,SX-001,24.1,53,50,1,normal
2026-10-07T10:30:43,SX-001,24.1,53,50,1,normal
2026-10-07T10:30:45,SX-001,24.1,53,50,1,normal
2026-10-07T10:30:48,SX-001,24.1,53,50,1,normal
2026-10-07T10:30:49,SX-001,24.1,53,50,1,normal
2026-10-07T10:30:51,SX-001,24.1,52.9,43,1,normal
2026-10-07T10:30:53,SX-001,24.1,52.9,50,1,normal
2026-10-07T10:30:55,SX-001,24.1,53,50,1,normal
2026-10-07T10:30:57,SX-001,24.1,53,50,1,normal
2026-10-07T10:30:59,SX-001,24.1,53,50,1,normal
2026-10-07T10:31:01,SX-001,24.1,53.1,50,1,normal
2026-10-07T10:31:03,SX-001,24.1,53.2,50,1,normal
2026-10-07T10:31:05,SX-001,24.1,53.3,50,1,normal
2026-10-07T10:31:07,SX-001,24.1,53.3,50,1,normal
2026-10-07T10:31:09,SX-001,24.1,53.6,50,1,normal
2026-10-07T10:31:11,SX-001,24.1,53.5,50,1,normal
2026-10-07T10:31:13,SX-001,24.1,53.5,43,1,normal
2026-10-07T10:31:15,SX-001,24.1,53.4,50,1,normal
2026-10-07T10:31:17,SX-001,24.1,53.3,43,1,normal
2026-10-07T10:31:19,SX-001,24.1,53.2,50,1,normal
2026-10-07T10:31:21,SX-001,24.1,53,50,1,normal
2026-10-07T10:31:23,SX-001,24.1,53,50,1,normal
2026-10-07T10:31:26,SX-001,24.1,52.8,50,1,normal
2026-10-07T10:31:27,SX-001,24.1,52.8,50,1,normal
2026-10-07T10:31:29,SX-001,24.1,52.9,50,1,normal
2026-10-07T10:31:31,SX-001,24.1,52.8,50,1,normal
2026-10-07T10:31:33,SX-001,24.1,52.9,50,1,normal
2026-10-07T10:31:35,SX-001,24.1,52.8,42,1,normal
2026-10-07T10:31:37,SX-001,24.1,52.8,50,1,normal
2026-10-07T10:31:39,SX-001,24.1,52.9,50,1,normal
2026-10-07T10:31:41,SX-001,24.1,52.9,50,1,normal
2026-10-07T10:31:43,SX-001,24.1,52.9,50,1,normal
2026-10-07T10:31:45,SX-001,24.1,53,50,1,normal
2026-10-07T10:31:47,SX-001,24.1,53,50,1,normal
2026-10-07T10:31:49,SX-001,24.1,52.9,50,1,normal
2026-10-07T10:31:51,SX-001,24.1,53,50,1,normal
2026-10-07T10:31:53,SX-001,24.1,53,50,1,normal
2026-10-07T10:31:55,SX-001,24.1,53,50,1,normal
2026-10-07T10:31:57,SX-001,24.1,53,50,1,normal
2026-10-07T10:31:59,SX-001,24.1,52.9,50,1,normal
2026-10-07T10:32:01,SX-001,24.1,52.9,50,0,normal
2026-10-07T10:32:03,SX-001,24.1,52.9,50,0,normal
2026-10-07T10:32:05,SX-001,24.1,52.9,43,1,normal
2026-10-07T10:32:07,SX-001,24.1,53.1,50,1,normal
2026-10-07T10:32:09,SX-001,24.1,53,50,1,normal
2026-10-07T10:32:11,SX-001,24.1,52.9,50,1,normal
2026-10-07T10:32:13,SX-001,24.1,52.9,50,1,normal
2026-10-07T10:32:15,SX-001,24.1,52.8,50,1,normal
2026-10-07T10:32:17,SX-001,24.1,52.9,50,1,normal
2026-10-07T10:32:19,SX-001,24.1,52.8,50,1,normal
2026-10-07T10:32:21,SX-001,24.1,52.7,50,1,normal
2026-10-07T10:32:23,SX-001,24.1,52.8,50,1,normal
2026-10-07T10:32:25,SX-001,24.1,52.8,50,1,normal
2026-10-07T10:32:27,SX-001,24.1,52.8,50,1,normal
2026-10-07T10:32:29,SX-001,24.1,52.8,50,1,normal
2026-10-07T10:32:31,SX-001,24.1,52.9,50,1,normal
2026-10-07T10:32:33,SX-001,24.1,52.8,50,1,normal
2026-10-07T10:32:35,SX-001,24.1,52.8,43,1,normal
2026-10-07T10:32:37,SX-001,24.1,52.8,50,1,normal
2026-10-07T10:32:39,SX-001,24.1,52.8,50,1,normal
2026-10-07T10:32:41,SX-001,24.1,52.8,50,1,normal
2026-10-07T10:32:43,SX-001,24.1,52.8,50,1,normal
2026-10-07T10:32:45,SX-001,24.1,52.8,50,1,normal
2026-10-07T10:32:47,SX-001,24.1,52.8,50,1,normal
2026-10-07T10:32:49,SX-001,24.1,52.8,50,1,normal
2026-10-07T10:32:51,SX-001,24.1,52.8,43,1,normal
2026-10-07T10:32:53,SX-001,24.1,52.8,50,1,normal
2026-10-07T10:32:55,SX-001,24.1,52.9,43,1,normal
2026-10-07T10:32:57,SX-001,24.1,53.1,50,1,normal
2026-10-07T10:33:00,SX-001,24.2,53.1,50,1,normal
2026-10-07T10:33:01,SX-001,24.1,53.2,50,1,normal
2026-10-07T10:33:03,SX-001,24.1,53.4,50,1,normal
2026-10-07T10:33:05,SX-001,24.1,53.6,43,1,normal
2026-10-07T10:33:07,SX-001,24.1,53.8,50,1,normal
2026-10-07T10:33:09,SX-001,24.2,53.7,50,1,normal
2026-10-07T10:33:11,SX-001,24.2,53.4,50,1,normal
2026-10-07T10:33:13,SX-001,24.1,53.3,50,1,normal
2026-10-07T10:33:15,SX-001,24.2,53.4,50,1,normal
2026-10-07T10:33:17,SX-001,24.2,53.6,50,1,normal
2026-10-07T10:33:19,SX-001,24.2,53.9,50,1,normal
2026-10-07T10:33:21,SX-001,24.1,54.1,50,1,normal
2026-10-07T10:33:23,SX-001,24.1,54.1,50,1,normal
2026-10-07T10:33:25,SX-001,24.1,53.9,50,1,normal
2026-10-07T10:33:27,SX-001,24.1,53.7,50,1,normal
2026-10-07T10:33:29,SX-001,24.1,53.5,50,1,normal
2026-10-07T10:33:31,SX-001,24.2,53.3,50,1,normal
2026-10-07T10:33:33,SX-001,24.1,53.2,50,1,normal
2026-10-07T10:33:35,SX-001,24.2,53.1,50,0,normal
2026-10-07T10:33:37,SX-001,24.1,53,50,0,normal
2026-10-07T10:33:39,SX-001,24.1,52.9,50,0,normal
2026-10-07T10:33:41,SX-001,24.1,52.9,50,0,normal
2026-10-07T10:33:43,SX-001,24.1,52.8,50,0,normal
2026-10-07T10:33:45,SX-001,24.1,52.8,50,0,normal
2026-10-07T10:33:47,SX-001,24.1,52.8,50,1,normal
2026-10-07T10:33:49,SX-001,24.1,52.8,50,1,normal
2026-10-07T10:33:51,SX-001,24.1,52.8,50,1,normal
2026-10-07T10:33:53,SX-001,24.1,52.8,50,1,normal
2026-10-07T10:33:55,SX-001,24.1,52.8,50,1,normal
2026-10-07T10:33:57,SX-001,24.1,52.8,50,1,normal
2026-10-07T10:33:59,SX-001,24.1,52.8,50,1,normal
2026-10-07T10:34:01,SX-001,24.1,52.8,50,1,normal
2026-10-07T10:34:03,SX-001,24.1,52.9,50,1,normal
2026-10-07T10:34:05,SX-001,24.1,52.9,50,1,normal
2026-10-07T10:34:07,SX-001,24.1,52.9,50,1,normal
2026-10-07T10:34:09,SX-001,24.1,52.8,50,1,normal
2026-10-07T10:34:11,SX-001,24.1,52.9,50,1,normal
2026-10-07T10:34:13,SX-001,24.1,52.8,50,1,normal
2026-10-07T10:34:15,SX-001,24.1,52.8,50,1,normal
2026-10-07T10:34:17,SX-001,24.1,52.8,50,1,normal
2026-10-07T10:34:19,SX-001,24.1,52.7,50,1,normal
2026-10-07T10:34:21,SX-001,24.1,52.7,50,1,normal
2026-10-07T10:34:23,SX-001,24.1,52.7,50,1,normal
2026-10-07T10:34:25,SX-001,24.1,52.7,43,1,normal
2026-10-07T10:34:27,SX-001,24.1,52.7,50,1,normal
2026-10-07T10:34:29,SX-001,24.1,52.8,43,1,normal
2026-10-07T10:34:31,SX-001,24.1,52.7,50,1,normal
2026-10-07T10:34:33,SX-001,24.1,52.8,50,1,normal
2026-10-07T10:34:35,SX-001,24.1,52.7,50,1,normal
2026-10-07T10:34:37,SX-001,24.1,52.7,50,1,normal
2026-10-07T10:34:39,SX-001,24.1,52.7,50,1,normal
2026-10-07T10:34:41,SX-001,24.1,52.7,50,1,normal
2026-10-07T10:34:43,SX-001,24.1,52.7,50,1,normal
2026-10-07T10:34:45,SX-001,24.1,52.8,50,1,normal
2026-10-07T10:34:47,SX-001,24.1,52.8,50,1,normal
2026-10-07T10:34:49,SX-001,24.1,52.7,50,1,normal
2026-10-07T10:34:51,SX-001,24.1,52.8,50,1,normal
2026-10-07T10:34:53,SX-001,24.1,52.8,50,1,normal
2026-10-07T10:34:55,SX-001,24.1,52.7,50,1,normal
2026-10-07T10:34:57,SX-001,24.1,52.7,50,1,normal
2026-10-07T10:34:59,SX-001,24.1,52.7,50,1,normal
2026-10-07T10:35:01,SX-001,24.1,52.7,50,1,normal
2026-10-07T10:35:03,SX-001,24.1,52.7,50,1,normal
2026-10-07T10:35:05,SX-001,24.1,52.7,50,1,normal
2026-10-07T10:35:07,SX-001,24.1,52.7,50,1,normal
2026-10-07T10:35:09,SX-001,24.1,52.7,50,1,normal
2026-10-07T10:35:11,SX-001,24.1,52.8,50,1,normal
2026-10-07T10:35:13,SX-001,24.1,52.9,50,1,normal
2026-10-07T10:35:15,SX-001,24,52.8,50,1,normal
2026-10-07T10:35:17,SX-001,24.1,52.7,50,0,normal
2026-10-07T10:35:19,SX-001,24.1,52.7,50,0,normal
2026-10-07T10:35:21,SX-001,24.1,52.7,50,0,normal
2026-10-07T10:35:23,SX-001,24,52.7,50,0,normal
2026-10-07T10:35:25,SX-001,24,52.7,50,0,normal
2026-10-07T10:35:27,SX-001,24,52.6,50,0,normal
2026-10-07T10:35:29,SX-001,24.1,52.7,50,0,normal
2026-10-07T10:35:31,SX-001,24.1,52.7,50,0,normal
2026-10-07T10:35:33,SX-001,24,52.6,50,0,normal
2026-10-07T10:35:35,SX-001,24,52.6,50,0,normal
2026-10-07T10:35:37,SX-001,24,52.6,50,0,normal
2026-10-07T10:35:39,SX-001,24.1,52.8,50,0,normal
2026-10-07T10:35:41,SX-001,24.1,52.8,50,0,normal
2026-10-07T10:35:43,SX-001,24,52.8,50,0,normal
2026-10-07T10:35:45,SX-001,24,52.7,50,0,normal
2026-10-07T10:35:47,SX-001,24,52.9,50,0,normal
2026-10-07T10:35:49,SX-001,24,52.8,50,0,normal
2026-10-07T10:35:51,SX-001,24,52.9,50,0,normal
2026-10-07T10:35:53,SX-001,24.1,53.1,50,0,normal
2026-10-07T10:35:55,SX-001,24,53.1,50,0,normal
2026-10-07T10:35:57,SX-001,24,53,50,0,normal
2026-10-07T10:35:59,SX-001,24.1,53,50,0,normal
2026-10-07T10:36:01,SX-001,24,53,50,0,normal
2026-10-07T10:36:03,SX-001,24,52.9,43,0,normal
2026-10-07T10:36:05,SX-001,24.1,53,50,0,normal
2026-10-07T10:36:07,SX-001,24.1,52.9,43,0,normal
2026-10-07T10:36:09,SX-001,24,52.9,50,0,normal
2026-10-07T10:36:11,SX-001,24,52.8,50,0,normal
2026-10-07T10:36:13,SX-001,24.1,53,50,0,normal
2026-10-07T10:36:15,SX-001,24.1,53.1,50,0,normal
2026-10-07T10:36:17,SX-001,24,53.3,50,0,normal
2026-10-07T10:36:19,SX-001,24.1,53.1,50,1,normal
2026-10-07T10:36:21,SX-001,24.1,53,50,1,normal
2026-10-07T10:36:23,SX-001,24.1,53,50,1,normal
2026-10-07T10:36:25,SX-001,24.1,53,50,1,normal
2026-10-07T10:36:27,SX-001,24.1,53,50,1,normal
2026-10-07T10:36:29,SX-001,24.1,53.1,50,1,normal
2026-10-07T10:36:31,SX-001,24.1,53.1,50,1,normal
2026-10-07T10:36:33,SX-001,24.1,53.3,50,1,normal
2026-10-07T10:36:35,SX-001,24.1,53.3,50,1,normal
2026-10-07T10:36:37,SX-001,24.1,53.2,50,1,normal
2026-10-07T10:36:39,SX-001,24.1,53.2,50,1,normal
2026-10-07T10:36:41,SX-001,24.1,53.1,50,1,normal
2026-10-07T10:36:43,SX-001,24.1,53,50,1,normal
2026-10-07T10:36:45,SX-001,24.1,53.1,50,1,normal
2026-10-07T10:36:47,SX-001,24.1,53.4,50,1,normal
2026-10-07T10:36:49,SX-001,24.1,53.5,50,1,normal
2026-10-07T10:36:51,SX-001,24.1,53.4,50,1,normal
2026-10-07T10:36:53,SX-001,24.1,53.4,50,1,normal
2026-10-07T10:36:55,SX-001,24.1,53.4,50,1,normal
2026-10-07T10:36:57,SX-001,24.1,53.2,50,1,normal
2026-10-07T10:36:59,SX-001,24.1,53.2,50,1,normal
2026-10-07T10:37:01,SX-001,24.1,53.3,50,1,normal
2026-10-07T10:37:03,SX-001,24.1,53.1,50,1,normal
2026-10-07T10:37:05,SX-001,24.2,53,50,1,normal
2026-10-07T10:37:07,SX-001,24.2,53.1,50,1,normal
2026-10-07T10:37:09,SX-001,24.1,53.2,50,1,normal
2026-10-07T10:37:11,SX-001,24.1,53.2,50,1,normal
2026-10-07T10:37:13,SX-001,24.2,53.2,50,1,normal
2026-10-07T10:37:15,SX-001,24.2,53.1,50,1,normal
2026-10-07T10:37:17,SX-001,24.2,53.1,50,1,normal
2026-10-07T10:37:19,SX-001,24.2,53.2,50,1,normal
2026-10-07T10:37:21,SX-001,24.1,53.2,50,1,normal
2026-10-07T10:37:23,SX-001,24.2,53.2,50,1,normal
2026-10-07T10:37:25,SX-001,24.2,53.1,50,1,normal
2026-10-07T10:37:27,SX-001,24.2,53,50,1,normal
2026-10-07T10:37:29,SX-001,24.2,52.8,50,1,normal
2026-10-07T10:37:31,SX-001,24.2,52.7,50,1,normal
2026-10-07T10:37:33,SX-001,24.2,52.6,50,1,normal
2026-10-07T10:37:35,SX-001,24.2,52.7,50,1,normal
2026-10-07T10:37:37,SX-001,24.2,52.6,50,1,normal
2026-10-07T10:37:39,SX-001,24.2,52.8,50,1,normal
2026-10-07T10:37:41,SX-001,24.2,52.9,43,1,normal
2026-10-07T10:37:43,SX-001,24.2,53.1,50,1,normal
2026-10-07T10:37:45,SX-001,24.2,53.1,43,1,normal
2026-10-07T10:37:47,SX-001,24.2,52.9,50,1,normal
2026-10-07T10:37:49,SX-001,24.2,52.8,50,1,normal
2026-10-07T10:37:51,SX-001,24.2,52.7,50,0,normal
2026-10-07T10:37:55,SX-001,24.2,52.8,50,1,normal
2026-10-07T10:37:55,SX-001,24.2,52.7,50,1,normal
2026-10-07T10:37:57,SX-001,24.2,52.6,50,1,normal
2026-10-07T10:37:59,SX-001,24.2,52.6,50,1,normal
2026-10-07T10:38:01,SX-001,24.2,52.6,50,1,normal
2026-10-07T10:38:03,SX-001,24.2,52.7,50,1,normal
2026-10-07T10:38:05,SX-001,24.2,52.6,50,1,normal
2026-10-07T10:38:07,SX-001,24.2,52.6,50,1,normal
2026-10-07T10:38:09,SX-001,24.2,52.6,50,1,normal
2026-10-07T10:38:11,SX-001,24.2,52.6,50,1,normal
2026-10-07T10:38:13,SX-001,24.2,52.7,50,1,normal
2026-10-07T10:38:15,SX-001,24.2,52.6,50,1,normal
2026-10-07T10:38:17,SX-001,24.2,52.6,50,1,normal
2026-10-07T10:38:19,SX-001,24.2,52.6,50,1,normal
2026-10-07T10:38:21,SX-001,24.2,52.7,43,1,normal
2026-10-07T10:38:23,SX-001,24.2,52.7,50,1,normal
2026-10-07T10:38:25,SX-001,24.2,52.7,50,1,normal
2026-10-07T10:38:27,SX-001,24.2,52.7,50,1,normal
2026-10-07T10:38:29,SX-001,24.2,52.7,50,1,normal
2026-10-07T10:38:31,SX-001,24.2,52.7,50,1,normal
2026-10-07T10:38:33,SX-001,24.2,52.6,50,1,normal
2026-10-07T10:38:35,SX-001,24.2,52.6,50,1,normal
2026-10-07T10:38:37,SX-001,24.2,52.8,50,1,normal
2026-10-07T10:38:39,SX-001,24.2,52.9,50,1,normal
2026-10-07T10:38:41,SX-001,24.2,53.2,50,1,normal
2026-10-07T10:38:43,SX-001,24.1,53.3,50,1,normal
2026-10-07T10:38:45,SX-001,24.2,53.4,50,1,normal
2026-10-07T10:38:47,SX-001,24.2,53.4,50,1,normal
2026-10-07T10:38:49,SX-001,24.1,53.2,50,1,normal
2026-10-07T10:38:51,SX-001,24.2,53.2,50,1,normal
2026-10-07T10:38:53,SX-001,24.2,53,50,1,normal
2026-10-07T10:38:55,SX-001,24.2,53.2,50,1,normal
2026-10-07T10:38:57,SX-001,24.2,53.3,50,1,normal
2026-10-07T10:38:59,SX-001,24.2,53.2,50,1,normal
2026-10-07T10:39:01,SX-001,24.2,53,50,1,normal
2026-10-07T10:39:03,SX-001,24.2,52.8,50,1,normal
2026-10-07T10:39:05,SX-001,24.2,52.8,50,1,normal
2026-10-07T10:39:07,SX-001,24.2,52.7,50,1,normal
2026-10-07T10:39:09,SX-001,24.2,52.7,50,1,normal
2026-10-07T10:39:11,SX-001,24.2,52.7,50,1,normal
2026-10-07T10:39:13,SX-001,24.2,52.7,50,1,normal
2026-10-07T10:39:15,SX-001,24.2,52.6,50,1,normal
2026-10-07T10:39:17,SX-001,24.2,52.7,50,1,normal
2026-10-07T10:39:19,SX-001,24.2,52.8,43,1,normal
2026-10-07T10:39:21,SX-001,24.2,52.7,50,1,normal
2026-10-07T10:39:23,SX-001,24.2,52.7,43,0,normal
2026-10-07T10:39:25,SX-001,24.2,52.6,50,0,normal
2026-10-07T10:39:27,SX-001,24.2,52.6,50,0,normal
2026-10-07T10:39:29,SX-001,24.2,52.6,50,0,normal
2026-10-07T10:39:31,SX-001,24.2,52.5,50,0,normal
2026-10-07T10:39:33,SX-001,24.2,52.6,50,0,normal
2026-10-07T10:39:35,SX-001,24.2,52.8,43,0,normal
2026-10-07T10:39:37,SX-001,24.2,53,50,1,normal
2026-10-07T10:39:39,SX-001,24.2,53,50,1,normal
2026-10-07T10:39:41,SX-001,24.2,52.8,50,1,normal
2026-10-07T10:39:43,SX-001,24.2,52.8,50,1,normal
2026-10-07T10:39:45,SX-001,24.2,52.7,50,1,normal
2026-10-07T10:39:47,SX-001,24.2,52.7,50,1,normal
2026-10-07T10:39:49,SX-001,24.2,52.7,50,1,normal
2026-10-07T10:39:51,SX-001,24.2,52.7,50,1,normal
2026-10-07T10:39:53,SX-001,24.2,52.6,50,1,normal
2026-10-07T10:39:55,SX-001,24.2,52.6,50,1,normal
2026-10-07T10:39:57,SX-001,24.2,52.6,50,1,normal
2026-10-07T10:39:59,SX-001,24.2,52.7,50,1,normal
2026-10-07T10:40:02,SX-001,24.2,52.6,50,1,normal
2026-10-07T10:40:03,SX-001,24.2,52.7,50,1,normal
2026-10-07T10:40:05,SX-001,24.2,52.6,50,1,normal
2026-10-07T10:40:07,SX-001,24.2,52.7,50,1,normal
2026-10-07T10:40:09,SX-001,24.2,52.8,50,1,normal
2026-10-07T10:40:11,SX-001,24.2,52.9,50,1,normal
2026-10-07T10:40:13,SX-001,24.2,53.1,50,1,normal
2026-10-07T10:40:15,SX-001,24.2,53.1,50,1,normal
2026-10-07T10:40:17,SX-001,24.2,53,50,1,normal
2026-10-07T10:40:19,SX-001,24.2,52.9,50,1,normal
2026-10-07T10:40:21,SX-001,24.2,52.8,50,1,normal
2026-10-07T10:40:25,SX-001,24.2,53,50,1,normal
2026-10-07T10:40:25,SX-001,24.2,53,50,1,normal
2026-10-07T10:40:27,SX-001,24.2,53.1,50,1,normal
2026-10-07T10:40:29,SX-001,24.2,53.2,50,1,normal
2026-10-07T10:40:32,SX-001,24.2,53,51,1,normal
2026-10-07T10:40:33,SX-001,24.2,53,51,1,normal
2026-10-07T10:40:35,SX-001,24.2,53,51,1,normal
2026-10-07T10:40:37,SX-001,24.2,53,43,1,normal
2026-10-07T10:40:39,SX-001,24.2,53.1,51,1,normal
2026-10-07T10:40:41,SX-001,24.2,53.1,50,1,normal
2026-10-07T10:40:43,SX-001,24.2,53.1,50,1,normal
2026-10-07T10:40:45,SX-001,24.2,53.1,50,1,normal
2026-10-07T10:40:47,SX-001,24.2,53.1,50,1,normal
2026-10-07T10:40:49,SX-001,24.2,53,50,1,normal
2026-10-07T10:40:51,SX-001,24.2,52.8,51,1,normal
2026-10-07T10:40:53,SX-001,24.2,52.9,43,1,normal
2026-10-07T10:40:55,SX-001,24.2,52.9,50,1,normal
2026-10-07T10:40:57,SX-001,24.2,52.9,42,1,normal
2026-10-07T10:40:59,SX-001,24.2,53.4,49,1,normal
2026-10-07T10:41:01,SX-001,24.2,53.7,49,1,normal
2026-10-07T10:41:03,SX-001,24.2,53.7,49,1,normal
2026-10-07T10:41:05,SX-001,24.2,53.6,49,1,normal
2026-10-07T10:41:07,SX-001,24.2,53.4,49,1,normal
2026-10-07T10:41:09,SX-001,24.2,53.4,49,0,normal
2026-10-07T10:41:11,SX-001,24.2,53.3,49,0,normal
2026-10-07T10:41:13,SX-001,24.2,53.3,49,0,normal
2026-10-07T10:41:15,SX-001,24.2,53.4,49,0,normal
2026-10-07T10:41:17,SX-001,24.2,53.4,49,0,normal
2026-10-07T10:41:19,SX-001,24.2,53.5,49,0,normal
2026-10-07T10:41:21,SX-001,24.2,53.6,49,0,normal
2026-10-07T10:41:23,SX-001,24.2,53.6,49,0,normal
2026-10-07T10:41:25,SX-001,24.2,53.7,49,0,normal
2026-10-07T10:41:28,SX-001,24.2,53.8,49,0,normal
2026-10-07T10:41:29,SX-001,24.2,53.7,49,0,normal
2026-10-07T10:41:31,SX-001,24.2,53.7,49,0,normal
2026-10-07T10:41:33,SX-001,24.2,53.6,49,0,normal
2026-10-07T10:41:35,SX-001,24.1,53.5,49,0,normal
2026-10-07T10:41:37,SX-001,24.1,53.5,42,0,normal
2026-10-07T10:41:39,SX-001,24.2,53.7,49,0,normal
2026-10-07T10:41:41,SX-001,24.2,53.8,49,0,normal
2026-10-07T10:41:43,SX-001,24.2,53.8,49,0,normal
2026-10-07T10:41:45,SX-001,24.2,53.7,49,0,normal
2026-10-07T10:41:47,SX-001,24.2,53.8,49,0,normal
2026-10-07T10:41:49,SX-001,24.2,53.7,49,0,normal
2026-10-07T10:41:51,SX-001,24.2,53.6,49,0,normal
2026-10-07T10:41:53,SX-001,24.1,53.5,49,0,normal
2026-10-07T10:41:55,SX-001,24.1,53.6,49,0,normal
2026-10-07T10:41:57,SX-001,24.2,53.6,49,0,normal
2026-10-07T10:41:59,SX-001,24.2,53.6,49,0,normal
2026-10-07T10:42:01,SX-001,24.1,53.6,49,0,normal
2026-10-07T10:42:03,SX-001,24.1,53.6,49,0,normal
2026-10-07T10:42:05,SX-001,24.2,53.6,49,0,normal
2026-10-07T10:42:07,SX-001,24.1,53.6,49,0,normal
2026-10-07T10:42:09,SX-001,24.1,53.6,49,0,normal
2026-10-07T10:42:11,SX-001,24.1,53.6,49,0,normal
2026-10-07T10:42:13,SX-001,24.1,53.5,49,0,normal
2026-10-07T10:42:15,SX-001,24.1,53.3,49,0,normal
2026-10-07T10:42:17,SX-001,24.1,53.2,49,0,normal
2026-10-07T10:42:19,SX-001,24.2,53.1,49,0,normal
2026-10-07T10:42:21,SX-001,24.1,53,49,0,normal
2026-10-07T10:42:23,SX-001,24.2,52.9,49,1,normal
2026-10-07T10:42:25,SX-001,24.2,53,49,1,normal
2026-10-07T10:42:27,SX-001,24.1,53.1,49,1,normal
2026-10-07T10:42:29,SX-001,24.2,53.2,49,1,normal
2026-10-07T10:42:31,SX-001,24.1,53.3,42,1,normal
2026-10-07T10:42:33,SX-001,24.2,53.4,49,1,normal
2026-10-07T10:42:35,SX-001,24.1,53.4,42,1,normal
2026-10-07T10:42:37,SX-001,24.1,53.4,49,1,normal
2026-10-07T10:42:39,SX-001,24.1,53.3,49,1,normal
2026-10-07T10:42:41,SX-001,24.1,53.3,49,1,normal
2026-10-07T10:42:43,SX-001,24.1,53.2,49,1,normal
2026-10-07T10:42:45,SX-001,24.1,53.2,49,1,normal
2026-10-07T10:42:48,SX-001,24.1,53.2,49,1,normal
2026-10-07T10:42:49,SX-001,24.1,53.2,49,1,normal
2026-10-07T10:42:51,SX-001,24.1,53.2,49,1,normal
2026-10-07T10:42:53,SX-001,24.1,53.3,49,1,normal
2026-10-07T10:42:55,SX-001,24.1,53.4,49,1,normal
2026-10-07T10:42:57,SX-001,24.2,53.5,49,1,normal
2026-10-07T10:42:59,SX-001,24.1,53.6,49,1,normal
2026-10-07T10:43:01,SX-001,24.2,53.7,49,1,normal
2026-10-07T10:43:03,SX-001,24.1,53.7,49,1,normal
2026-10-07T10:43:05,SX-001,24.1,53.8,49,1,normal
2026-10-07T10:43:07,SX-001,24.1,53.8,49,1,normal
2026-10-07T10:43:09,SX-001,24.1,53.8,49,1,normal
2026-10-07T10:43:11,SX-001,24.2,53.6,49,1,normal
2026-10-07T10:43:13,SX-001,24.1,53.5,49,1,normal
2026-10-07T10:43:15,SX-001,24.1,53.5,49,1,normal
2026-10-07T10:43:17,SX-001,24.1,53.4,49,1,normal
2026-10-07T10:43:19,SX-001,24.1,53.4,49,1,normal
2026-10-07T10:43:21,SX-001,24.1,53.4,49,1,normal
2026-10-07T10:43:23,SX-001,24.1,53.5,49,1,normal
2026-10-07T10:43:25,SX-001,24.1,53.5,49,1,normal
2026-10-07T10:43:27,SX-001,24.1,53.7,49,1,normal
2026-10-07T10:43:29,SX-001,24.1,53.6,49,1,normal
2026-10-07T10:43:31,SX-001,24.1,53.8,49,1,normal
2026-10-07T10:43:33,SX-001,24.2,53.8,49,1,normal
2026-10-07T10:43:35,SX-001,24.1,53.8,49,1,normal
2026-10-07T10:43:37,SX-001,24.1,53.6,49,1,normal
2026-10-07T10:43:39,SX-001,24.1,53.6,49,1,normal
2026-10-07T10:43:41,SX-001,24.1,53.5,49,1,normal
2026-10-07T10:43:43,SX-001,24.1,53.6,49,1,normal
2026-10-07T10:43:45,SX-001,24.1,53.6,49,1,normal
2026-10-07T10:43:47,SX-001,24.1,53.5,49,1,normal
2026-10-07T10:43:49,SX-001,24.2,53.6,49,1,normal
2026-10-07T10:43:52,SX-001,24.1,53.5,49,1,normal
2026-10-07T10:43:53,SX-001,24.2,53.6,49,1,normal
2026-10-07T10:43:56,SX-001,24.1,53.6,49,0,normal
2026-10-07T10:43:57,SX-001,24.2,53.6,49,0,normal
2026-10-07T10:43:59,SX-001,24.2,53.5,49,0,normal
2026-10-07T10:44:01,SX-001,24.1,53.5,49,0,normal
2026-10-07T10:44:03,SX-001,24.2,53.4,49,1,normal
2026-10-07T10:44:05,SX-001,24.2,53.3,49,1,normal
2026-10-07T10:44:07,SX-001,24.2,53.1,49,1,normal
2026-10-07T10:44:09,SX-001,24.2,53,42,1,normal
2026-10-07T10:44:11,SX-001,24.2,52.9,49,1,normal
2026-10-07T10:44:13,SX-001,24.1,52.9,42,1,normal
2026-10-07T10:44:15,SX-001,24.2,53.1,50,1,normal
2026-10-07T10:44:17,SX-001,24.2,53.3,50,1,normal
2026-10-07T10:44:19,SX-001,24.2,53.3,50,1,normal
2026-10-07T10:44:21,SX-001,24.2,53.3,50,1,normal
2026-10-07T10:44:23,SX-001,24.2,53.4,50,1,normal
2026-10-07T10:44:25,SX-001,24.2,53.3,49,1,normal
2026-10-07T10:44:27,SX-001,24.2,53.2,49,1,normal
2026-10-07T10:44:29,SX-001,24.2,53.1,50,1,normal
2026-10-07T10:44:31,SX-001,24.2,53.1,49,1,normal
2026-10-07T10:44:33,SX-001,24.2,53.1,49,1,normal
2026-10-07T10:44:35,SX-001,24.2,53.1,49,1,normal
2026-10-07T10:44:37,SX-001,24.2,53,49,1,normal
2026-10-07T10:44:39,SX-001,24.2,53,49,1,normal
2026-10-07T10:44:41,SX-001,24.2,53,49,1,normal
2026-10-07T10:44:43,SX-001,24.2,52.9,50,1,normal
2026-10-07T10:44:45,SX-001,24.2,52.9,50,1,normal
2026-10-07T10:44:47,SX-001,24.2,52.9,50,1,normal
2026-10-07T10:44:49,SX-001,24.2,53.1,50,1,normal
2026-10-07T10:44:52,SX-001,24.2,53.2,50,1,normal
2026-10-07T10:44:53,SX-001,24.2,53.3,50,1,normal
2026-10-07T10:44:55,SX-001,24.2,53.2,49,1,normal
2026-10-07T10:44:57,SX-001,24.2,53.1,49,1,normal
2026-10-07T10:44:59,SX-001,24.2,53,50,1,normal
2026-10-07T10:45:01,SX-001,24.2,53.1,50,1,normal
2026-10-07T10:45:03,SX-001,24.2,53.3,50,1,normal
2026-10-07T10:45:05,SX-001,24.2,53.4,50,1,normal
2026-10-07T10:45:07,SX-001,24.3,53.4,50,1,normal
2026-10-07T10:45:09,SX-001,24.2,53.4,49,1,normal
2026-10-07T10:45:11,SX-001,24.2,53.4,49,1,normal
2026-10-07T10:45:13,SX-001,24.3,53.3,49,1,normal
2026-10-07T10:45:15,SX-001,24.2,53.3,50,1,normal
2026-10-07T10:45:17,SX-001,24.2,53.2,50,1,normal
2026-10-07T10:45:19,SX-001,24.3,53.3,50,1,normal
2026-10-07T10:45:21,SX-001,24.2,53.2,50,1,normal
2026-10-07T10:45:23,SX-001,24.2,53.2,50,1,normal
2026-10-07T10:45:26,SX-001,24.2,53.3,50,1,normal
2026-10-07T10:45:27,SX-001,24.2,53.3,50,1,normal
2026-10-07T10:45:29,SX-001,24.3,53.3,49,1,normal
2026-10-07T10:45:31,SX-001,24.3,53.3,49,1,normal
2026-10-07T10:45:33,SX-001,24.2,53.4,49,1,normal
2026-10-07T10:45:35,SX-001,24.2,53.2,49,0,normal
2026-10-07T10:45:37,SX-001,24.2,53.2,49,0,normal
2026-10-07T10:45:39,SX-001,24.3,53.2,42,0,normal
2026-10-07T10:45:41,SX-001,24.2,53.1,49,0,normal
2026-10-07T10:45:43,SX-001,24.3,53.1,49,0,normal
2026-10-07T10:45:45,SX-001,24.3,53,49,0,normal
2026-10-07T10:45:47,SX-001,24.3,53,42,0,normal
2026-10-07T10:45:49,SX-001,24.3,53.2,50,0,normal
2026-10-07T10:45:51,SX-001,24.3,53.2,42,0,normal
2026-10-07T10:45:53,SX-001,24.3,53.2,49,1,normal
2026-10-07T10:45:55,SX-001,24.3,53.2,49,1,normal
2026-10-07T10:45:57,SX-001,24.3,53.1,49,1,normal
2026-10-07T10:46:00,SX-001,24.3,53.1,49,1,normal
2026-10-07T10:46:01,SX-001,24.3,53.2,49,1,normal
2026-10-07T10:46:03,SX-001,24.3,53.1,49,1,normal
2026-10-07T10:46:05,SX-001,24.3,53,49,1,normal
2026-10-07T10:46:07,SX-001,24.3,52.9,49,1,normal
2026-10-07T10:46:09,SX-001,24.3,52.9,42,1,normal
2026-10-07T10:46:11,SX-001,24.3,52.9,49,1,normal
2026-10-07T10:46:13,SX-001,24.3,52.8,49,1,normal
2026-10-07T10:46:15,SX-001,24.3,52.9,49,1,normal
2026-10-07T10:46:17,SX-001,24.3,52.8,49,1,normal
2026-10-07T10:46:19,SX-001,24.3,52.6,49,1,normal
2026-10-07T10:46:21,SX-001,24.3,52.7,49,1,normal
2026-10-07T10:46:23,SX-001,24.3,52.7,49,1,normal
2026-10-07T10:46:26,SX-001,24.3,52.6,49,1,normal
2026-10-07T10:46:27,SX-001,24.3,52.5,50,1,normal
2026-10-07T10:46:29,SX-001,24.3,52.4,49,1,normal
2026-10-07T10:46:31,SX-001,24.3,52.5,49,1,normal
2026-10-07T10:46:33,SX-001,24.3,52.4,49,1,normal
2026-10-07T10:46:35,SX-001,24.3,52.6,49,1,normal
2026-10-07T10:46:37,SX-001,24.3,52.6,49,1,normal
2026-10-07T10:46:39,SX-001,24.3,52.7,42,1,normal
2026-10-07T10:46:41,SX-001,24.3,52.6,49,1,normal
2026-10-07T10:46:43,SX-001,24.3,52.7,49,1,normal
2026-10-07T10:46:45,SX-001,24.3,52.7,49,1,normal
2026-10-07T10:46:47,SX-001,24.3,52.8,49,1,normal
2026-10-07T10:46:49,SX-001,24.3,52.8,49,1,normal
2026-10-07T10:46:51,SX-001,24.3,52.8,49,1,normal
2026-10-07T10:46:53,SX-001,24.3,52.8,49,1,normal
2026-10-07T10:46:55,SX-001,24.3,52.8,49,1,normal
2026-10-07T10:46:57,SX-001,24.3,52.8,49,1,normal
2026-10-07T10:46:59,SX-001,24.3,52.6,49,1,normal
2026-10-07T10:47:01,SX-001,24.3,52.5,49,1,normal
2026-10-07T10:47:03,SX-001,24.4,52.5,49,1,normal
2026-10-07T10:47:05,SX-001,24.3,52.4,49,1,normal
2026-10-07T10:47:07,SX-001,24.3,52.4,49,1,normal
2026-10-07T10:47:09,SX-001,24.3,52.4,49,1,normal
2026-10-07T10:47:11,SX-001,24.3,52.6,50,1,normal
2026-10-07T10:47:13,SX-001,24.3,52.9,50,1,normal
2026-10-07T10:47:15,SX-001,24.3,53.1,50,1,normal
2026-10-07T10:47:17,SX-001,24.3,53.1,50,1,normal
2026-10-07T10:47:19,SX-001,24.3,53.1,49,1,normal
2026-10-07T10:47:21,SX-001,24.3,53.1,49,1,normal
2026-10-07T10:47:23,SX-001,24.3,53,49,1,normal
2026-10-07T10:47:25,SX-001,24.3,52.9,42,0,normal
2026-10-07T10:47:27,SX-001,24.3,52.8,50,0,normal
2026-10-07T10:47:29,SX-001,24.3,52.9,42,0,normal
2026-10-07T10:47:31,SX-001,24.4,53,49,1,normal
2026-10-07T10:47:33,SX-001,24.4,52.9,42,1,normal
2026-10-07T10:47:35,SX-001,24.4,52.9,49,1,normal
2026-10-07T10:47:37,SX-001,24.3,52.9,49,1,normal
2026-10-07T10:47:39,SX-001,24.4,52.9,49,1,normal
2026-10-07T10:47:42,SX-001,24.3,52.9,49,1,normal
2026-10-07T10:47:43,SX-001,24.4,53,49,1,normal
2026-10-07T10:47:45,SX-001,24.3,52.9,49,1,normal
2026-10-07T10:47:47,SX-001,24.4,52.5,49,1,normal
2026-10-07T10:47:49,SX-001,24.3,52.2,49,1,normal
2026-10-07T10:47:51,SX-001,24.3,52.1,49,1,normal
2026-10-07T10:47:53,SX-001,24.4,52,49,1,normal
2026-10-07T10:47:55,SX-001,24.4,52.1,49,1,normal
2026-10-07T10:47:57,SX-001,24.4,52.3,49,1,normal
2026-10-07T10:47:59,SX-001,24.4,52.4,49,1,normal
2026-10-07T10:48:01,SX-001,24.4,52.4,49,1,normal
2026-10-07T10:48:03,SX-001,24.3,52.5,49,1,normal
2026-10-07T10:48:05,SX-001,24.4,52.5,49,1,normal
2026-10-07T10:48:08,SX-001,24.4,52.5,49,1,normal
2026-10-07T10:48:09,SX-001,24.3,52.6,50,1,normal
2026-10-07T10:48:11,SX-001,24.4,52.7,50,1,normal
2026-10-07T10:48:13,SX-001,24.4,52.9,50,1,normal
2026-10-07T10:48:15,SX-001,24.4,52.9,50,1,normal
2026-10-07T10:48:17,SX-001,24.3,52.8,50,1,normal
2026-10-07T10:48:19,SX-001,24.4,52.7,50,1,normal
2026-10-07T10:48:21,SX-001,24.4,52.7,50,1,normal
2026-10-07T10:48:23,SX-001,24.4,52.8,50,1,normal
2026-10-07T10:48:25,SX-001,24.5,57.3,50,1,normal
2026-10-07T10:48:27,SX-001,24.7,61.6,50,1,normal
2026-10-07T10:48:29,SX-001,24.8,60.6,50,1,normal
2026-10-07T10:48:31,SX-001,25,58.9,49,1,normal
2026-10-07T10:48:33,SX-001,25.1,56.9,49,1,normal
2026-10-07T10:48:35,SX-001,25.3,54.8,50,1,normal
2026-10-07T10:48:37,SX-001,25.4,53.7,50,1,normal
2026-10-07T10:48:39,SX-001,25.4,53.1,56,1,normal
2026-10-07T10:48:41,SX-001,25.6,52.8,51,1,normal
2026-10-07T10:48:43,SX-001,25.6,52.4,50,1,normal
2026-10-07T10:48:45,SX-001,25.7,51.9,50,1,normal
2026-10-07T10:48:47,SX-001,25.8,51.3,50,1,normal
2026-10-07T10:48:49,SX-001,25.9,50.8,50,1,normal
2026-10-07T10:48:51,SX-001,25.9,50.6,50,1,normal
2026-10-07T10:48:53,SX-001,26,50.6,50,1,normal
2026-10-07T10:48:55,SX-001,26,50.7,50,1,normal
2026-10-07T10:48:57,SX-001,26.1,50.6,50,1,normal
2026-10-07T10:48:59,SX-001,26.1,50.5,43,1,normal
2026-10-07T10:49:01,SX-001,26.1,50.4,50,1,normal
2026-10-07T10:49:04,SX-001,26.2,50.2,42,1,normal
2026-10-07T10:49:05,SX-001,26.2,49.9,50,0,normal
2026-10-07T10:49:07,SX-001,26.2,49.6,50,1,normal
2026-10-07T10:49:09,SX-001,26.2,49.5,50,1,normal
2026-10-07T10:49:12,SX-001,26.3,49.2,50,1,normal
2026-10-07T10:49:13,SX-001,26.3,49,50,1,normal
2026-10-07T10:49:15,SX-001,26.3,49,50,1,normal
2026-10-07T10:49:17,SX-001,26.3,48.9,49,1,normal
2026-10-07T10:49:19,SX-001,26.3,48.7,49,1,normal
2026-10-07T10:49:21,SX-001,26.3,48.7,50,1,normal
2026-10-07T10:49:23,SX-001,26.4,48.5,49,1,normal
2026-10-07T10:49:25,SX-001,26.3,48.3,49,1,normal
2026-10-07T10:49:27,SX-001,26.3,48.2,49,1,normal
2026-10-07T10:49:29,SX-001,26.3,48.3,49,1,normal
2026-10-07T10:49:31,SX-001,26.3,48.3,49,1,normal
2026-10-07T10:49:33,SX-001,26.3,48.3,49,1,normal
2026-10-07T10:49:35,SX-001,26.3,48.3,50,1,normal
2026-10-07T10:49:37,SX-001,26.3,48.4,49,1,normal
2026-10-07T10:49:39,SX-001,26.3,48.3,49,1,normal
2026-10-07T10:53:17,SX-001,26.5,81.6,50,1,anomalie
2026-10-07T10:53:19,SX-001,26.9,83.6,50,1,anomalie
2026-10-07T10:53:21,SX-001,27.3,85.4,49,1,anomalie
2026-10-07T10:53:24,SX-001,27.8,85.9,50,1,anomalie
2026-10-07T10:53:25,SX-001,28.2,86,50,1,anomalie
2026-10-07T10:53:27,SX-001,28.6,85.6,238,1,anomalie
2026-10-07T10:53:29,SX-001,29,85.2,182,1,anomalie
2026-10-07T10:53:31,SX-001,29.3,84.5,159,1,anomalie
2026-10-07T10:53:33,SX-001,29.7,83.9,126,1,anomalie
2026-10-07T10:53:35,SX-001,30,83.1,253,1,anomalie
2026-10-07T10:53:37,SX-001,30.3,83.4,168,1,anomalie
2026-10-07T10:53:39,SX-001,30.5,82.9,135,1,anomalie
2026-10-07T10:53:41,SX-001,30.8,82.3,125,1,anomalie
2026-10-07T10:53:43,SX-001,31,81.8,122,1,anomalie
2026-10-07T10:53:45,SX-001,31.2,81.3,132,1,anomalie
2026-10-07T10:53:47,SX-001,31.5,80.9,114,0,anomalie
2026-10-07T10:53:49,SX-001,31.6,80.4,103,0,anomalie
2026-10-07T10:53:51,SX-001,31.8,80,99,1,anomalie
2026-10-07T10:53:53,SX-001,32,79.7,93,1,anomalie
2026-10-07T10:53:55,SX-001,32.1,79.4,99,1,anomalie
2026-10-07T10:53:57,SX-001,32.3,79.1,88,1,anomalie
2026-10-07T10:53:59,SX-001,32.4,78.9,93,1,anomalie
2026-10-07T10:54:01,SX-001,32.5,78.6,97,1,anomalie
2026-10-07T10:54:03,SX-001,32.6,78.3,102,1,anomalie
2026-10-07T10:54:05,SX-001,32.8,78.1,514,1,anomalie
2026-10-07T10:54:07,SX-001,32.9,78.8,1024,1,anomalie
2026-10-07T10:54:09,SX-001,32.9,78.6,1024,1,anomalie
2026-10-07T10:54:11,SX-001,33.1,78.5,1024,1,anomalie
2026-10-07T10:54:13,SX-001,33.1,78.4,1024,1,anomalie
2026-10-07T10:54:15,SX-001,33.2,78.3,1024,1,anomalie
2026-10-07T10:54:17,SX-001,33.3,78.4,1024,1,anomalie
2026-10-07T10:54:19,SX-001,33.3,78.2,1024,1,anomalie
2026-10-07T10:54:21,SX-001,33.5,78.1,1024,1,anomalie
2026-10-07T10:54:23,SX-001,33.5,78,1024,1,anomalie
2026-10-07T10:54:25,SX-001,33.5,78,1024,1,anomalie
2026-10-07T10:54:27,SX-001,33.6,78,1024,1,anomalie
2026-10-07T10:54:29,SX-001,33.6,77.9,1020,1,anomalie
2026-10-07T10:54:31,SX-001,33.7,78,942,1,anomalie
2026-10-07T10:54:33,SX-001,33.7,77.9,824,1,anomalie
2026-10-07T10:54:35,SX-001,33.8,77.9,630,1,anomalie
2026-10-07T10:54:37,SX-001,33.8,77.9,542,1,anomalie
2026-10-07T10:54:39,SX-001,33.9,77.9,494,1,anomalie
2026-10-07T10:54:41,SX-001,33.9,78,351,1,anomalie
2026-10-07T10:54:43,SX-001,34,78,204,1,anomalie
2026-10-07T10:54:45,SX-001,34,78,77,1,anomalie
2026-10-07T10:54:47,SX-001,34,78,30,1,anomalie
2026-10-07T10:54:49,SX-001,34,78.1,25,1,anomalie
2026-10-07T10:54:51,SX-001,34.1,78.1,26,1,anomalie
2026-10-07T10:54:53,SX-001,34.1,78.1,24,1,anomalie
2026-10-07T10:54:55,SX-001,34.1,78.1,24,1,anomalie
2026-10-07T10:54:57,SX-001,34.2,78.1,24,1,anomalie
2026-10-07T10:54:59,SX-001,34.2,78.2,24,1,anomalie
2026-10-07T10:55:01,SX-001,34.2,78.3,24,1,anomalie
2026-10-07T10:55:03,SX-001,34.2,76,25,1,anomalie
2026-10-07T10:55:05,SX-001,34.2,62.3,40,1,anomalie
2026-10-07T10:55:07,SX-001,34.1,53.3,134,1,anomalie
2026-10-07T10:55:09,SX-001,34.1,47.2,195,1,anomalie
2026-10-07T10:55:11,SX-001,34,49.5,177,1,anomalie
2026-10-07T10:55:13,SX-001,34,54.8,157,1,anomalie
2026-10-07T10:55:15,SX-001,34,58.7,200,1,anomalie
2026-10-07T10:55:17,SX-001,34,61.3,254,1,anomalie
2026-10-07T10:55:19,SX-001,33.9,61.7,265,1,anomalie
2026-10-07T10:55:21,SX-001,33.9,64.5,286,1,anomalie
2026-10-07T10:55:23,SX-001,33.9,68,384,1,anomalie
2026-10-07T10:55:25,SX-001,33.9,70.1,460,1,anomalie
2026-10-07T10:55:27,SX-001,34,71.6,576,1,anomalie
2026-10-07T10:55:29,SX-001,34,72.7,570,1,anomalie
2026-10-07T10:55:31,SX-001,34,73.4,310,1,anomalie
2026-10-07T10:55:33,SX-001,33.9,70.9,302,1,anomalie
2026-10-07T10:55:35,SX-001,34,71.8,264,1,anomalie
2026-10-07T10:55:37,SX-001,34,72.7,213,1,anomalie
2026-10-07T10:55:39,SX-001,34,73.7,197,1,anomalie
2026-10-07T10:55:41,SX-001,34,74.3,187,1,anomalie
2026-10-07T10:55:43,SX-001,34,73.2,189,1,anomalie
2026-10-07T10:55:45,SX-001,34,73,194,1,anomalie
2026-10-07T10:55:47,SX-001,34,72.9,198,1,anomalie
2026-10-07T10:55:49,SX-001,34,72.6,200,1,anomalie
2026-10-07T10:55:51,SX-001,34,69.5,197,1,anomalie
2026-10-07T10:55:53,SX-001,34,64.9,195,1,anomalie
2026-10-07T10:55:55,SX-001,34,64.8,187,1,anomalie
2026-10-07T10:55:57,SX-001,34,65.4,183,1,anomalie
2026-10-07T10:55:59,SX-001,34,66.3,183,1,anomalie
2026-10-07T10:56:01,SX-001,34,67.1,187,1,anomalie
2026-10-07T10:56:03,SX-001,34,67.8,187,1,anomalie
2026-10-07T10:56:05,SX-001,34,68.5,186,1,anomalie
2026-10-07T10:56:07,SX-001,34,67.8,183,1,anomalie
2026-10-07T10:56:09,SX-001,34,70.2,182,1,anomalie
2026-10-07T10:56:11,SX-001,34,70.6,181,1,anomalie
2026-10-07T10:56:13,SX-001,34,71,180,1,anomalie
2026-10-07T10:56:15,SX-001,34,71.4,176,1,anomalie
2026-10-07T10:56:17,SX-001,34,71.8,173,1,anomalie
2026-10-07T10:56:19,SX-001,34,72.1,172,1,anomalie
2026-10-07T10:56:21,SX-001,34.1,72.5,97,1,anomalie
2026-10-07T10:56:23,SX-001,34.1,72.8,87,1,anomalie
2026-10-07T10:56:25,SX-001,34.1,73,104,1,anomalie
2026-10-07T10:56:27,SX-001,34.2,73.2,116,1,anomalie
2026-10-07T10:56:29,SX-001,34.2,73.4,120,1,anomalie
2026-10-07T10:56:31,SX-001,34.2,73.7,121,1,anomalie
2026-10-07T10:56:33,SX-001,34.2,73.8,117,1,anomalie
2026-10-07T10:56:35,SX-001,34.2,71.4,86,1,anomalie
